{
  "roc_auc": 0.8417034798108967,
  "pr_auc": 0.6342219728638181,
  "threshold": 0.5,
  "test_size": 0.2,
  "random_state": 42,
  "n_train": 5634,
  "n_test": 1409,
  "positive_label": "yes"
}